{
  "k": 8,
  "wss": 18598.634665501206,
  "bic": 19100.162368197707,
  "centroids": [
    [
      54.42056074766355,
      57.7196261682243,
      52.700934579439256,
      58.728971962616825,
      53.99065420560748,
      55.02803738317757,
      56.10280373831776,
      57.700934579439256,
      53.626168224299064,
      51.177570093457945
    ],
    [
      61.62,
      58.92,
      57.14,
      56.74,
      60.92,
      58.14,
      52.8,
      61.78,
      59.66,
      62.08
    ],
    [
      47.74647887323944,
      62.32394366197183,
      50.098591549295776,
      58.45070422535211,
      61.12676056338028,
      53.33802816901409,
      51.76056338028169,
      64.09859154929578,
      55.028169014084504,
      64.19718309859155
    ],
    [
      66.13513513513513,
      54.83783783783784,
      62.78378378378378,
      59.351351351351354,
      55.67567567567568,
      61.32432432432432,
      58.891891891891895,
      56.83783783783784,
      55.21621621621622,
      48.13513513513514
    ],
    [
      57.857142857142854,
      56.0,
      65.28571428571429,
      59.57142857142857,
      51.0,
      57.0,
      58.285714285714285,
      56.0,
      60.714285714285715,
      50.142857142857146
    ],
    [
      62.029411764705884,
      53.61764705882353,
      50.05882352941177,
      66.05882352941177,
      52.14705882352941,
      54.35294117647059,
      65.97058823529412,
      58.029411764705884,
      52.0,
      49.970588235294116
    ],
    [
      69.0952380952381,
      47.57142857142857,
      66.69047619047619,
      57.07142857142857,
      53.42857142857143,
      60.76190476190476,
      57.19047619047619,
      51.0,
      58.904761904761905,
      48.142857142857146
    ],
    [
      59.044444444444444,
      55.977777777777774,
      61.044444444444444,
      61.044444444444444,
      51.0,
      57.06666666666667,
      59.977777777777774,
      56.022222222222226,
      55.044444444444444,
      49.0
    ]
  ],
  "dims": [
    "cult_autonomy",
    "cult_structure",
    "cult_diversity",
    "cult_intensity",
    "cult_mentor",
    "cult_creativity",
    "cult_competition",
    "cult_community",
    "cult_internationality",
    "cult_spirituality"
  ],
  "cluster_sizes": {
    "5": 34,
    "0": 107,
    "2": 71,
    "4": 7,
    "1": 50,
    "7": 180,
    "6": 42,
    "3": 37
  },
  "method": "kmeans_v0_proxy"
}